season,week,game_id,market,stat,player,player_id,team,pick,side,line,odds,p_win,breakeven,edge,ev,rank,logged_at
2026,4,2026_04_MIA_MIN,Total,,,,,Over 38.5,over,38.5,-110,0.5430023215391611,0.5238095238095238,0.019192797729637223,0.03664079566567113,1,2026-10-02 23:53
2026,4,2026_04_DEN_SF,Moneyline,,,,SF,49ers to win,home,,-148,0.6118678147572788,0.5967741935483871,0.015093621208891683,0.025292013917602274,2,2026-10-02 23:53
2026,4,2026_04_DET_CAR,Total,,,,,Under 50.5,under,50.5,102,0.507038610918657,0.49504950495049505,0.01198910596816194,0.02421799405568703,3,2026-10-02 23:53
2026,4,2026_04_IND_WAS,Total,,,,,Under 47.5,under,47.5,-112,0.5252487005504215,0.5283018867924528,-0.003053186242031325,-0.005779245386702159,4,2026-10-02 23:53
2026,4,2026_04_GB_TB,Total,,,,,Over 39.5,over,39.5,-105,0.5085482870143838,0.5121951219512195,-0.003646834936835708,-0.0071200110671554295,5,2026-10-02 23:53
2026,4,2026_04_NYJ_CHI,Total,,,,,Over 43.5,over,43.5,100,0.4936702009851748,0.5,-0.0063297990148252214,-0.012659598029650443,6,2026-10-02 23:53
2026,4,2026_04_ARI_NYG,Spread,,,,NYG,Giants +2.5,home,-2.5,-108,0.510846269703744,0.5192307692307693,-0.008384499527025246,-0.0161479250150115,7,2026-10-02 23:53
2026,4,2026_04_LAC_SEA,Total,,,,,Over 42.5,over,42.5,-118,0.5314140276250983,0.5412844036697247,-0.009870376044626483,-0.018235101506174467,8,2026-10-02 23:53
2026,4,2026_04_KC_LV,Total,,,,,Over 47.5,over,47.5,-115,0.5232270245399601,0.5348837209302325,-0.011656696390272447,-0.021792954120944286,9,2026-10-02 23:53
2026,4,2026_04_DAL_HOU,Spread,,,,DAL,Cowboys +3,away,3.0,-110,0.5109777930349547,0.5238095238095238,-0.012831730774569117,-0.023647389658108756,10,2026-10-02 23:53
