model,n,log_loss,brier,accuracy,auc,ece,ll_vs_market,ll_vs_market_se
base_no_market,2422,0.63381,0.22178,0.64822,0.69027,0.01981,0.0264,0.00417
base_no_market_w14,2422,0.63557,0.22234,0.64451,0.68881,0.01517,0.02816,0.0044
qb_no_market,2422,0.6276,0.21898,0.65772,0.70011,0.03405,0.02019,0.00375
qb_no_market_w14,2422,0.63007,0.21975,0.6569,0.69786,0.02645,0.02266,0.00406
qb_inj_no_market_w14,2422,0.6283,0.21894,0.65194,0.70135,0.02669,0.02089,0.0042
base_with_spread,2422,0.60888,0.21073,0.67093,0.72373,0.0172,0.00147,0.00176
base_with_spread_w14,2422,0.61287,0.2123,0.67465,0.71924,0.02184,0.00546,0.00236
qb_with_spread,2422,0.60939,0.21096,0.67341,0.72282,0.02607,0.00198,0.00188
qb_with_spread_w14,2422,0.61494,0.21317,0.67589,0.71678,0.02303,0.00753,0.00265
qb_inj_with_spread_w14,2422,0.61573,0.21355,0.6635,0.71627,0.01075,0.00832,0.00302
elo,2422,0.63704,0.22287,0.64079,0.68882,0.02838,0.02963,0.00455
market_ml,2422,0.60741,0.20994,0.67093,0.72669,0.01872,0.0,0.0
