season,n,home_rate,elo,logit_no_market,logit_no_market_qb,gbm_no_market,market_spread,market_ml,logit_with_spread,gbm_with_spread
2015,256,0.69197,0.64407,0.64461,0.64038,0.65497,0.65118,0.65213,0.65145,0.65176
2016,254,0.68101,0.63341,0.62759,0.62402,0.63459,0.62913,0.62875,0.62357,0.64022
2017,255,0.68477,0.62196,0.62162,0.60811,0.63108,0.58529,0.5867,0.5897,0.59764
2018,254,0.67458,0.63681,0.61547,0.61229,0.61799,0.61116,0.61115,0.60486,0.61888
2019,255,0.69807,0.63387,0.62975,0.62005,0.64968,0.61228,0.6136,0.61274,0.63061
2020,255,0.70249,0.62194,0.62144,0.62152,0.64076,0.58925,0.59006,0.58658,0.60101
2021,271,0.69665,0.6559,0.65359,0.64049,0.66072,0.62463,0.62156,0.63309,0.63339
2022,269,0.68562,0.64312,0.64384,0.64248,0.65187,0.60775,0.60855,0.60965,0.61283
2023,272,0.68708,0.6625,0.64978,0.63768,0.66893,0.62326,0.62735,0.6258,0.64176
2024,272,0.69224,0.60946,0.62135,0.62499,0.61998,0.58616,0.58749,0.59224,0.59607
2025,271,0.69081,0.64281,0.63966,0.63576,0.65632,0.6093,0.60938,0.61563,0.63179
2026,48,0.68072,0.65448,0.66212,0.64009,0.66622,0.65311,0.65956,0.64953,0.63943
