model,min_edge,bets,win_rate,avg_decimal_odds,avg_model_prob,units,roi,roi_ci_low,roi_ci_high
logit_with_spread,0.0,1989,0.5058,2.2926,0.5407,-29.6469,-0.0149,-0.0634,0.0356
logit_with_spread,0.02,1709,0.5313,2.1662,0.5646,-3.5686,-0.0021,-0.0528,0.0485
logit_with_spread,0.04,966,0.559,2.1003,0.5832,48.3044,0.05,-0.0183,0.1166
logit_with_spread,0.06,438,0.5411,2.1042,0.589,9.8388,0.0225,-0.0719,0.12
logit_with_spread,0.08,187,0.5508,2.1009,0.5965,13.1439,0.0703,-0.0789,0.2159
gbm_with_spread,0.0,2396,0.4962,2.3598,0.5656,-67.758,-0.0283,-0.0739,0.0181
gbm_with_spread,0.02,2217,0.5047,2.2986,0.5792,-79.5774,-0.0359,-0.0821,0.011
gbm_with_spread,0.04,1680,0.5274,2.2873,0.5964,12.7741,0.0076,-0.0439,0.0618
gbm_with_spread,0.06,1197,0.5138,2.3064,0.6037,-4.276,-0.0036,-0.065,0.0582
gbm_with_spread,0.08,780,0.5244,2.3164,0.6177,25.5152,0.0327,-0.0459,0.1128
logit_no_market,0.0,2528,0.4173,2.8473,0.5019,-98.8096,-0.0391,-0.0863,0.0118
logit_no_market,0.02,2345,0.4226,2.7979,0.5128,-99.8796,-0.0426,-0.0951,0.0109
logit_no_market,0.04,1846,0.4095,2.8418,0.5196,-108.5344,-0.0588,-0.1136,0.004
logit_no_market,0.06,1378,0.4078,2.8576,0.5299,-43.0482,-0.0312,-0.1035,0.0388
logit_no_market,0.08,1013,0.4097,2.8391,0.5462,-26.8267,-0.0265,-0.1071,0.0519
logit_no_market_qb,0.0,2480,0.4347,2.7673,0.5078,-57.8396,-0.0233,-0.0757,0.029
logit_no_market_qb,0.02,2286,0.4392,2.7022,0.5205,-78.685,-0.0344,-0.0855,0.0205
logit_no_market_qb,0.04,1783,0.4313,2.7369,0.5276,-64.0057,-0.0359,-0.0961,0.017
logit_no_market_qb,0.06,1316,0.4293,2.6908,0.5416,-27.204,-0.0207,-0.0919,0.0492
logit_no_market_qb,0.08,944,0.4121,2.7161,0.5509,-52.3287,-0.0554,-0.1342,0.0246
gbm_no_market,0.0,2598,0.4453,2.6926,0.5446,-83.0414,-0.032,-0.0763,0.0165
gbm_no_market,0.02,2465,0.4446,2.6575,0.5539,-115.9943,-0.0471,-0.0971,0.0022
gbm_no_market,0.04,2087,0.4403,2.6826,0.5616,-80.4404,-0.0385,-0.0886,0.0187
gbm_no_market,0.06,1707,0.43,2.7129,0.5696,-80.145,-0.047,-0.1067,0.0132
gbm_no_market,0.08,1379,0.4199,2.7629,0.575,-65.142,-0.0472,-0.1101,0.0244
