market,model,threshold,bets,roi,lo,hi,win_rate
spread,ridge_no_market,0,2943,-0.017144569855975723,-0.04988234670004224,0.01689392790825978,0.5064527380537147
spread,ridge_no_market,1,2084,-0.023771473719622363,-0.06571999432404445,0.01740557752805007,0.5032003938946332
spread,ridge_no_market,2,1335,-0.004792624928704448,-0.057825884288392415,0.04563278623111357,0.5135135135135135
spread,ridge_no_market,3,784,-0.007853767693234934,-0.07444568868654226,0.05686193190392319,0.5117801047120419
spread,ridge_no_market,4,469,0.016785287323310076,-0.07141609266287341,0.10246945293057919,0.5250544662309368
spread,ridge_with_line,0,2943,-0.03470049239136572,-0.06931483468088957,-0.0015794434468976274,0.4959888385071503
spread,ridge_with_line,1,1254,0.0011912492621232646,-0.0520331515464702,0.053949891670470415,0.5135135135135135
spread,ridge_with_line,2,393,0.0716114746664007,-0.02401726177795486,0.1661449928571492,0.5494791666666666
spread,ridge_with_line,3,75,0.21417508860832057,0.00950452690925222,0.4087706837396575,0.6285714285714286
total,ridge_no_market,0,2943,-0.024992530098671074,-0.060400809061547864,0.010000535413705597,0.5032567706547824
total,ridge_no_market,1,2059,-0.008536124996760696,-0.04976776402765342,0.03188012521563906,0.5117647058823529
total,ridge_no_market,2,1307,-0.04980345823408232,-0.10158293650097598,0.0015294560656777445,0.49034749034749037
total,ridge_no_market,3,764,-0.04004699806930628,-0.10976612144283283,0.0330994663732606,0.4953764861294584
total,ridge_no_market,4,432,-0.030383774100982787,-0.11964319746255254,0.059987599268750476,0.5011709601873536
total,ridge_with_line,0,2943,-0.005589975395429007,-0.03984405017897335,0.02993686307615539,0.5131984916009599
total,ridge_with_line,1,1053,0.013287430480489094,-0.04728512689716889,0.06983903494727786,0.5228571428571429
total,ridge_with_line,2,225,0.027915831778258886,-0.10883920512220044,0.1508163042359325,0.5291479820627802
total,ridge_with_line,3,36,0.20426606081107662,-0.09022014241332395,0.49679326163573023,0.6285714285714286
spread,gbm_no_market,0,2943,-0.026708450062402394,-0.06213736793548375,0.010433072639950958,0.5015695849319847
spread,gbm_no_market,1,2175,-0.041104936697423274,-0.08147840536890019,-0.003053915038651694,0.49339622641509434
spread,gbm_no_market,2,1549,-0.02378591159645347,-0.07388276891230024,0.021300600610135615,0.5026490066225165
spread,gbm_no_market,3,1071,-0.028528209535187785,-0.08424893391951524,0.02841982888117077,0.49904580152671757
spread,gbm_no_market,4,691,0.01250254337526818,-0.05890595716458166,0.08279671176897434,0.5206489675516224
spread,gbm_with_line,0,2943,-0.01328950173745401,-0.04807103896352299,0.021965512498346735,0.507150331356819
spread,gbm_with_line,1,1902,0.0031320708803690162,-0.03989952582801723,0.04649680455022924,0.5153970826580226
spread,gbm_with_line,2,1070,-0.00012056508240258185,-0.057543437860360466,0.05569579062333944,0.5125
spread,gbm_with_line,3,579,-0.0340189022500445,-0.11238274080235827,0.04487563937124041,0.49380530973451325
spread,gbm_with_line,4,275,0.01475578099552586,-0.1012780642871278,0.12839973352739,0.5186567164179104
total,gbm_no_market,0,2943,-0.03440046608538374,-0.07021572604147172,0.0013136997326198632,0.4981145011998629
total,gbm_no_market,1,2255,-0.0401219289970242,-0.07922909016545997,0.0009096033826171183,0.495076096687556
total,gbm_no_market,2,1598,-0.04561524763490161,-0.09141976345566798,0.000711707361056858,0.4920835972134262
total,gbm_no_market,3,1077,-0.031802733282466474,-0.09022256998778014,0.027923397147890477,0.49953139643861294
total,gbm_no_market,4,705,-0.032688039535496136,-0.10476611513458808,0.041763429780003615,0.498567335243553
total,gbm_with_line,0,2943,-0.026365121381273497,-0.06284914882610096,0.00933952117766241,0.5018854988001371
total,gbm_with_line,1,1899,-0.011748042325100084,-0.05446924789380346,0.031519548829335345,0.5095642933049946
total,gbm_with_line,2,1068,0.017350341777429137,-0.04090349488795291,0.07681190238128893,0.5240793201133145
total,gbm_with_line,3,522,-0.0002660735873778668,-0.0831880219541901,0.08631448460431862,0.5145067698259188
total,gbm_with_line,4,249,0.0038398379215170515,-0.11547666532033571,0.12566959318335927,0.516260162601626
