market,feature,n,market_moved_pts_per_unit,se_move,open_missed_pts_per_unit,se_missed,market_share_of_news
spread,qb_swap,1599,-1.2886966997532079,0.11955668030677387,-1.2966202932408528,0.7396734224516004,0.993889040971401
spread,qb_diff,1599,2.7314098878549413,0.44490650206863314,3.1888648190400626,2.7525481153513636,0.8565461513282874
spread,inj_skill_diff,1599,-0.4089807977983109,0.08180557897684498,-1.5467776682981593,0.5061148605178297,0.26440826382520227
spread,inj_ol_diff,1599,-0.25352133356758955,0.07202873614491975,-0.1774638061649079,0.44562747679568576,1.4285805035197168
spread,inj_front7_diff,1599,-0.2481887157128141,0.0798311223909062,-0.8178165959156696,0.4938992899896416,0.3034772306557673
spread,inj_db_diff,1599,-0.20379736778031518,0.07138522905688154,-0.1927075100160467,0.4416462263213522,1.0575476158834964
total,dome,1395,-0.18477669863511137,0.1668373598788494,-0.7656019206093659,1.0579671434594273,0.24134826946103002
total,wind_eff,1395,-0.10147470039548272,0.01362008729018565,-0.2989716406726136,0.08636917327467565,0.33941246121936275
total,temp_eff,1395,0.009621687743661223,0.004019269102535175,0.03342310593831175,0.025487424724843954,0.28787533275392624
