stat,model,n,mae,bias,mse_diff_vs_form,se,pinball_avg,cover_80,log_loss,brier,auc,logloss_diff_vs_form
rush_yds,baseline_form,11855,24.78971,1.27849,0.0,0.0,,,,,,
rush_yds,no_lines,11855,24.68436,-0.65246,-25.72484,3.82184,8.39689,0.81653,,,,
rush_yds,with_lines,11855,24.66927,-0.66005,-26.39923,3.8547,8.39436,0.81552,,,,
rec_yds,baseline_form,22855,25.0195,1.35427,0.0,0.0,,,,,,
rec_yds,no_lines,22855,24.98716,-0.13536,-13.35746,1.77551,8.50843,0.80591,,,,
rec_yds,with_lines,22855,24.9445,-0.0205,-15.78714,1.87991,8.50132,0.80538,,,,
receptions,baseline_form,22855,1.74837,0.14151,0.0,0.0,,,,,,
receptions,no_lines,22855,1.75119,0.03941,-0.02846,0.01085,,,,,,
receptions,with_lines,22855,1.75041,0.04494,-0.03389,0.01135,,,,,,
pass_tds,baseline_form,6520,0.89688,-0.01349,0.0,0.0,,,,,,
pass_tds,no_lines,6520,0.90144,0.02506,0.00928,0.00513,,,,,,
pass_tds,with_lines,6520,0.89418,0.03163,-0.00656,0.00505,,,,,,
anytime_td,baseline_form,32581,,,,0.0,,,0.57142,0.19173,0.62402,0.0
anytime_td,no_lines,32581,,,,0.00086,,,0.56003,0.18805,0.64615,-0.01138
anytime_td,with_lines,32581,,,,0.00095,,,0.55737,0.18695,0.65243,-0.01405
